{
  "id": "temp3",
  "name": "Temp3",
  "canvas": [
    852,
    1844
  ],
  "video_rect": [
    0.07746478873239436,
    0.3275488069414317,
    0.8438967136150235,
    0.22288503253796096
  ],
  "screen_quad": [
    [
      0.07746,
      0.32755
    ],
    [
      0.92136,
      0.32755
    ],
    [
      0.92136,
      0.55043
    ],
    [
      0.07746,
      0.55043
    ]
  ],
  "rotated": false,
  "edge_feather_px": 2
}