{
  "id": "temp3",
  "name": "Temp3",
  "canvas": [
    853,
    1844
  ],
  "video_rect": [
    0.07737397420867527,
    0.3275488069414317,
    0.8429073856975381,
    0.22288503253796096
  ],
  "screen_quad": [
    [
      0.07737,
      0.32755
    ],
    [
      0.92028,
      0.32755
    ],
    [
      0.92028,
      0.55043
    ],
    [
      0.07737,
      0.55043
    ]
  ],
  "rotated": false,
  "edge_feather_px": 2
}