{
  "id": "temp2",
  "name": "Temp2",
  "canvas": [
    940,
    1672
  ],
  "video_rect": [
    0.06489361702127659,
    0.2876794258373206,
    0.8787234042553191,
    0.26674641148325356
  ],
  "screen_quad": [
    [
      0.06489,
      0.28768
    ],
    [
      0.94362,
      0.28768
    ],
    [
      0.94362,
      0.55443
    ],
    [
      0.06489,
      0.55443
    ]
  ],
  "rotated": false,
  "edge_feather_px": 2
}