{
  "id": "temp1",
  "name": "Temp1",
  "canvas": [
    940,
    1672
  ],
  "video_rect": [
    0.12103865603183178,
    0.3940982362300015,
    0.8264821478661071,
    0.36789933346104964
  ],
  "screen_quad": [
    [
      0.23102,
      0.3941
    ],
    [
      0.94752,
      0.48354
    ],
    [
      0.83754,
      0.762
    ],
    [
      0.12104,
      0.67255
    ]
  ],
  "rotated": true,
  "edge_feather_px": 2
}